                  epoch,         train/box_loss,         train/cls_loss,         train/dfl_loss,   metrics/precision(B),      metrics/recall(B),       metrics/mAP50(B),    metrics/mAP50-95(B),           val/box_loss,           val/cls_loss,           val/dfl_loss,                 lr/pg0,                 lr/pg1,                 lr/pg2
                      1,                 3.2173,                 3.7592,                 4.1935,                0.00017,                0.00434,                0.00014,                  5e-05,                 2.9729,                 4.0918,                 3.9607,               0.070227,              0.0033081,              0.0033081
                      2,                 2.9377,                 2.5717,                 3.4684,                0.18047,                0.31936,                0.14062,                0.04677,                 2.8243,                 7.3183,                 3.9021,               0.040194,              0.0066085,              0.0066085
                      3,                 2.5333,                 2.0992,                 2.8852,                0.59096,                0.58526,                0.56005,                0.21937,                 2.2032,                 2.0133,                 2.6294,               0.010129,               0.009876,               0.009876
                      4,                 2.1868,                 1.8021,                 2.5148,                0.53335,                0.51301,                0.51638,                0.21022,                 2.0936,                 6.4917,                  2.641,              0.0098515,              0.0098515,              0.0098515
                      5,                 2.0465,                 1.6245,                 2.3374,                0.71194,                0.62139,                0.66012,                0.29229,                 2.0388,                 1.6209,                 2.2949,               0.009802,               0.009802,               0.009802
                      6,                 1.9747,                 1.5036,                 2.2316,                0.68382,                0.70665,                 0.6792,                0.30588,                 1.9635,                  2.044,                 2.2689,              0.0097525,              0.0097525,              0.0097525
                      7,                 1.9358,                 1.4449,                 2.1801,                0.66486,                0.69364,                0.65258,                0.29797,                  1.906,                   1.39,                 2.1878,               0.009703,               0.009703,               0.009703
                      8,                 1.9066,                 1.3957,                 2.1327,                 0.6879,                0.74214,                 0.7312,                0.35632,                 1.7591,                 1.4915,                 2.0278,              0.0096535,              0.0096535,              0.0096535
                      9,                 1.8874,                  1.376,                 2.0976,                 0.7171,                0.71429,                0.71731,                0.32722,                 1.9386,                 1.2376,                 2.1385,               0.009604,               0.009604,               0.009604
                     10,                 1.8766,                 1.3927,                 2.0904,                0.76688,                0.67052,                0.73547,                0.36055,                 1.8212,                 1.2458,                 2.0046,              0.0095545,              0.0095545,              0.0095545
                     11,                 1.8642,                 1.3413,                 2.0726,                0.73888,                0.70376,                0.72378,                0.33343,                 1.8752,                 1.2435,                 2.0593,               0.009505,               0.009505,               0.009505
                     12,                 1.8337,                 1.3098,                 2.0296,                0.74164,                0.66787,                0.72231,                0.35527,                 1.8239,                 1.2418,                 2.0118,              0.0094555,              0.0094555,              0.0094555
                     13,                 1.8497,                 1.3227,                 2.0387,                0.73905,                0.68786,                0.73589,                0.35764,                 1.8237,                 1.2757,                 2.0276,               0.009406,               0.009406,               0.009406
                     14,                 1.8264,                   1.33,                 2.0272,                0.73954,                0.71821,                0.75104,                 0.3714,                 1.7551,                 1.3114,                 1.9454,              0.0093565,              0.0093565,              0.0093565
                     15,                 1.8149,                 1.3304,                 2.0028,                0.76673,                0.68786,                0.74784,                0.37389,                 1.7199,                 1.2639,                 1.9252,               0.009307,               0.009307,               0.009307
                     16,                 1.8206,                 1.3118,                 1.9958,                0.77825,                0.67961,                0.75576,                0.36042,                 1.7827,                  1.269,                 1.9807,              0.0092575,              0.0092575,              0.0092575
                     17,                 1.8107,                 1.3111,                 1.9933,                0.72762,                0.72575,                0.76604,                0.39155,                 1.6923,                 1.2095,                 1.8947,               0.009208,               0.009208,               0.009208
                     18,                  1.801,                 1.3078,                 1.9808,                0.73967,                0.68568,                0.75039,                 0.3603,                 1.7682,                 1.2435,                 1.9334,              0.0091585,              0.0091585,              0.0091585
                     19,                 1.8057,                 1.3089,                  1.993,                0.74489,                0.70466,                0.75989,                0.37996,                 1.6874,                 1.1997,                 1.9218,               0.009109,               0.009109,               0.009109
                     20,                 1.7887,                 1.3007,                 1.9798,                0.77025,                0.68353,                0.76184,                0.37632,                 1.7371,                  1.185,                 1.9367,              0.0090595,              0.0090595,              0.0090595
                     21,                  1.781,                 1.3004,                 1.9813,                0.73297,                0.71243,                0.76204,                0.36507,                 1.7866,                 1.1767,                 1.9461,                0.00901,                0.00901,                0.00901
                     22,                 1.7871,                 1.2816,                 1.9734,                0.74468,                0.71676,                0.75879,                0.37734,                 1.7493,                  1.126,                   1.89,              0.0089605,              0.0089605,              0.0089605
                     23,                 1.7828,                 1.2825,                 1.9663,                0.77078,                0.70954,                0.76882,                0.38628,                 1.7397,                 1.1669,                 1.9098,               0.008911,               0.008911,               0.008911
                     24,                 1.7666,                 1.2649,                 1.9557,                0.73543,                0.70665,                0.76074,                0.39582,                 1.6573,                 1.1688,                 1.8642,              0.0088615,              0.0088615,              0.0088615
                     25,                 1.7547,                 1.2585,                 1.9498,                0.75582,                0.69333,                0.75276,                0.38853,                 1.7041,                 1.1617,                 1.8749,               0.008812,               0.008812,               0.008812
                     26,                 1.7646,                 1.2632,                 1.9367,                0.77694,                0.69798,                0.76725,                0.39723,                 1.6799,                 1.1256,                 1.8634,              0.0087625,              0.0087625,              0.0087625
                     27,                 1.7636,                 1.2771,                 1.9331,                0.78502,                  0.686,                0.76742,                0.40277,                  1.606,                 1.1475,                 1.7959,               0.008713,               0.008713,               0.008713
                     28,                 1.7429,                 1.2693,                  1.933,                0.73742,                0.69509,                0.74871,                0.39121,                 1.6579,                 1.1426,                 1.8612,              0.0086635,              0.0086635,              0.0086635
                     29,                 1.7445,                 1.2691,                 1.9238,                0.76752,                0.69509,                0.77617,                0.40104,                 1.6436,                 1.1491,                 1.8525,               0.008614,               0.008614,               0.008614
                     30,                 1.7215,                 1.2299,                 1.9045,                0.76309,                 0.6982,                0.76712,                0.38323,                  1.698,                 1.1922,                 1.8881,              0.0085645,              0.0085645,              0.0085645
                     31,                 1.7369,                 1.2469,                 1.9246,                0.76332,                0.71098,                0.78185,                0.40707,                 1.6492,                 1.1232,                 1.8238,               0.008515,               0.008515,               0.008515
                     32,                 1.7238,                 1.2329,                 1.8925,                 0.7395,                0.70665,                 0.7652,                0.37121,                 1.7666,                 1.1614,                 1.8854,              0.0084655,              0.0084655,              0.0084655
                     33,                 1.7273,                  1.229,                 1.9038,                0.75636,                0.74566,                0.77966,                0.39891,                 1.6756,                 1.0993,                 1.8426,               0.008416,               0.008416,               0.008416
                     34,                 1.7046,                 1.2413,                  1.893,                0.74788,                0.72873,                0.76542,                0.38673,                 1.7032,                 1.1543,                  1.868,              0.0083665,              0.0083665,              0.0083665
                     35,                 1.7303,                 1.2526,                 1.9036,                0.78332,                0.72094,                0.77487,                0.40174,                 1.6795,                 1.1066,                 1.8667,               0.008317,               0.008317,               0.008317
                     36,                 1.7286,                 1.2508,                  1.906,                0.77793,                0.70665,                0.77146,                0.39885,                 1.7278,                 1.1074,                 1.8684,              0.0082675,              0.0082675,              0.0082675
                     37,                 1.7105,                 1.2063,                 1.8896,                0.75948,                0.72688,                0.78186,                0.39829,                 1.6939,                 1.1242,                  1.839,               0.008218,               0.008218,               0.008218
                     38,                 1.7064,                  1.208,                 1.8877,                0.76783,                0.72166,                0.77631,                0.39666,                 1.6737,                 1.0999,                  1.832,              0.0081685,              0.0081685,              0.0081685
                     39,                  1.688,                 1.2079,                 1.8813,                0.77706,                0.68501,                0.76704,                 0.3976,                 1.7098,                 1.0879,                 1.8565,               0.008119,               0.008119,               0.008119
                     40,                 1.7033,                 1.2032,                 1.8776,                0.76253,                0.72388,                0.78055,                0.40231,                  1.667,                 1.0962,                 1.8259,              0.0080695,              0.0080695,              0.0080695
                     41,                 1.7191,                 1.2134,                 1.8887,                0.77729,                 0.6708,                0.73828,                0.38122,                 1.6848,                 1.1289,                 1.8379,                0.00802,                0.00802,                0.00802
                     42,                 1.7012,                 1.2212,                 1.8702,                0.72525,                0.74133,                0.76703,                0.40134,                  1.687,                 1.1166,                 1.8172,              0.0079705,              0.0079705,              0.0079705
                     43,                 1.6744,                   1.19,                 1.8471,                0.76935,                0.72304,                0.77595,                0.38165,                 1.7294,                  1.103,                 1.8502,               0.007921,               0.007921,               0.007921
                     44,                 1.6902,                 1.2044,                  1.858,                0.74668,                0.71532,                0.76866,                0.39721,                  1.706,                 1.1093,                 1.8405,              0.0078715,              0.0078715,              0.0078715
                     45,                 1.6844,                 1.2025,                 1.8601,                0.76062,                0.71532,                0.77383,                 0.4114,                 1.6531,                 1.0639,                 1.8068,               0.007822,               0.007822,               0.007822
                     46,                 1.7078,                 1.2045,                 1.8667,                 0.7698,                0.71098,                0.78301,                0.40613,                 1.6453,                 1.0889,                 1.8039,              0.0077725,              0.0077725,              0.0077725
                     47,                 1.6891,                 1.2004,                  1.863,                0.76013,                0.72814,                0.77773,                0.39914,                 1.6846,                 1.0972,                 1.8305,               0.007723,               0.007723,               0.007723
                     48,                 1.7035,                  1.226,                 1.8718,                0.76684,                0.70818,                0.77376,                0.41131,                  1.652,                  1.064,                  1.807,              0.0076735,              0.0076735,              0.0076735
                     49,                 1.6631,                  1.192,                 1.8422,                0.76477,                0.69533,                0.77471,                0.39893,                 1.6623,                 1.0617,                 1.8011,               0.007624,               0.007624,               0.007624
                     50,                 1.6784,                 1.1944,                 1.8487,                0.79586,                 0.6922,                0.77791,                0.40221,                 1.6492,                 1.1009,                 1.7959,              0.0075745,              0.0075745,              0.0075745
                     51,                 1.6765,                 1.1612,                 1.8484,                0.78414,                0.70954,                0.78409,                0.40306,                 1.6631,                 1.0673,                 1.8186,               0.007525,               0.007525,               0.007525
                     52,                 1.6805,                 1.2002,                 1.8521,                0.75628,                0.73988,                0.78047,                 0.4079,                 1.6341,                 1.0716,                 1.7709,              0.0074755,              0.0074755,              0.0074755
                     53,                   1.66,                 1.1664,                 1.8444,                0.77041,                0.72253,                0.77881,                0.40197,                 1.6465,                 1.1212,                 1.7993,               0.007426,               0.007426,               0.007426
                     54,                 1.6672,                 1.1905,                 1.8485,                0.77335,                0.72688,                0.78951,                0.41354,                 1.6225,                 1.0859,                 1.7873,              0.0073765,              0.0073765,              0.0073765
                     55,                 1.6507,                 1.1726,                 1.8331,                0.75352,                0.73337,                  0.774,                0.39995,                  1.636,                 1.0863,                 1.7932,               0.007327,               0.007327,               0.007327
                     56,                 1.6682,                 1.1906,                  1.844,                0.78823,                0.72832,                0.78158,                0.39434,                  1.681,                 1.0657,                 1.8192,              0.0072775,              0.0072775,              0.0072775
                     57,                 1.6442,                 1.1677,                 1.8147,                0.75245,                0.72832,                0.77211,                0.40606,                 1.6412,                 1.0534,                 1.7818,               0.007228,               0.007228,               0.007228
                     58,                 1.6473,                 1.1819,                  1.814,                0.77316,                0.70665,                0.76832,                0.39418,                 1.6611,                 1.0927,                 1.7941,              0.0071785,              0.0071785,              0.0071785
                     59,                 1.6417,                 1.1831,                 1.8226,                0.75979,                0.74506,                0.78774,                0.41136,                 1.6442,                 1.0585,                 1.8017,               0.007129,               0.007129,               0.007129
                     60,                 1.6672,                 1.1712,                 1.8436,                  0.767,                0.75289,                0.78506,                0.40881,                 1.6477,                 1.0382,                 1.7681,              0.0070795,              0.0070795,              0.0070795
                     61,                 1.6421,                 1.1485,                 1.8107,                0.76383,                0.71387,                0.78069,                0.40456,                 1.7086,                 1.0586,                  1.824,                0.00703,                0.00703,                0.00703
                     62,                 1.6534,                 1.1597,                 1.8286,                 0.7776,                0.73266,                0.78625,                0.41707,                 1.6386,                 1.0314,                 1.7702,              0.0069805,              0.0069805,              0.0069805
                     63,                  1.654,                 1.1758,                 1.8196,                0.76775,                0.72832,                0.78434,                0.40845,                 1.6522,                 1.0683,                  1.781,               0.006931,               0.006931,               0.006931
                     64,                 1.6434,                 1.1605,                 1.8173,                 0.7664,                0.73963,                 0.7893,                0.41941,                 1.6332,                 1.0156,                 1.7691,              0.0068815,              0.0068815,              0.0068815
                     65,                 1.6345,                 1.1391,                 1.8064,                0.74122,                0.73555,                0.77953,                0.41256,                 1.6447,                  1.044,                 1.7701,               0.006832,               0.006832,               0.006832
                     66,                 1.6301,                 1.1468,                 1.8079,                0.76108,                0.71812,                 0.7738,                0.41046,                 1.6038,                  1.088,                 1.7722,              0.0067825,              0.0067825,              0.0067825
                     67,                 1.6411,                 1.1741,                 1.8155,                0.77067,                0.72843,                0.78722,                0.41287,                 1.6322,                 1.0439,                 1.7664,               0.006733,               0.006733,               0.006733
                     68,                 1.6357,                 1.1427,                 1.8028,                0.74671,                0.75833,                0.78593,                 0.4091,                 1.6459,                 1.0527,                 1.8019,              0.0066835,              0.0066835,              0.0066835
                     69,                 1.6329,                   1.16,                 1.8087,                0.77841,                0.72593,                0.78307,                0.41368,                 1.6415,                 1.0296,                 1.7648,               0.006634,               0.006634,               0.006634
                     70,                 1.6326,                  1.155,                 1.8048,                0.76791,                0.71532,                0.78164,                0.41435,                 1.6267,                 1.0221,                 1.7606,              0.0065845,              0.0065845,              0.0065845
                     71,                 1.6493,                 1.1569,                 1.8229,                0.77559,                0.71921,                 0.7807,                0.41413,                  1.616,                  1.039,                 1.7896,               0.006535,               0.006535,               0.006535
                     72,                  1.625,                 1.1414,                 1.8085,                0.78606,                0.73802,                0.79689,                0.41352,                  1.653,                 1.0182,                 1.7881,              0.0064855,              0.0064855,              0.0064855
                     73,                 1.6228,                 1.1523,                 1.8064,                0.76948,                 0.7284,                0.77534,                0.40408,                 1.6399,                 1.0848,                 1.8001,               0.006436,               0.006436,               0.006436
                     74,                 1.6275,                  1.158,                 1.8095,                 0.7505,                0.75867,                0.78571,                0.40977,                 1.6586,                 1.0339,                 1.7903,              0.0063865,              0.0063865,              0.0063865
                     75,                 1.6205,                 1.1465,                 1.8074,                0.75976,                0.73121,                0.77762,                0.42171,                 1.5973,                 1.0352,                 1.7691,               0.006337,               0.006337,               0.006337
                     76,                 1.6227,                  1.153,                 1.8115,                0.77932,                0.72465,                0.78422,                 0.4164,                   1.62,                 1.0435,                 1.7716,              0.0062875,              0.0062875,              0.0062875
                     77,                 1.6174,                 1.1515,                 1.7968,                0.75806,                0.75161,                0.78238,                0.41401,                 1.6675,                 1.0229,                 1.8046,               0.006238,               0.006238,               0.006238
                     78,                 1.6116,                 1.1483,                 1.7927,                0.77018,                0.72399,                0.77833,                0.41469,                 1.6632,                 1.0206,                 1.7861,              0.0061885,              0.0061885,              0.0061885
                     79,                 1.6149,                 1.1425,                 1.7892,                0.77412,                0.74784,                0.79416,                0.42183,                 1.6408,                 1.0081,                 1.7653,               0.006139,               0.006139,               0.006139
                     80,                 1.6165,                 1.1342,                 1.7955,                0.76985,                0.75434,                0.78893,                0.42384,                 1.6353,                0.99164,                 1.7668,              0.0060895,              0.0060895,              0.0060895
                     81,                 1.6144,                 1.1369,                 1.7982,                0.76894,                 0.7406,                0.78551,                0.41851,                 1.6509,                 1.0306,                 1.7876,                0.00604,                0.00604,                0.00604
                     82,                 1.6191,                 1.1453,                  1.787,                0.74826,                0.74277,                 0.7829,                0.41395,                 1.6428,                 1.0221,                  1.764,              0.0059905,              0.0059905,              0.0059905
                     83,                 1.5972,                 1.1172,                 1.7662,                0.75127,                0.74637,                0.78399,                0.40912,                 1.6673,                 1.0207,                 1.7986,               0.005941,               0.005941,               0.005941
                     84,                 1.5935,                 1.1285,                 1.7783,                0.77512,                0.74422,                0.78275,                0.41085,                 1.6364,                 1.0042,                 1.7618,              0.0058915,              0.0058915,              0.0058915
                     85,                 1.5924,                 1.1286,                  1.778,                0.76305,                0.73988,                0.79138,                0.41119,                 1.6618,                 1.0303,                 1.7847,               0.005842,               0.005842,               0.005842
                     86,                 1.6031,                 1.1315,                   1.78,                0.75529,                0.73595,                0.78371,                0.41399,                 1.6412,                 1.0192,                 1.7636,              0.0057925,              0.0057925,              0.0057925
                     87,                 1.5832,                 1.1021,                 1.7677,                0.79482,                0.72212,                0.78552,                0.42555,                 1.6054,                 1.0275,                 1.7443,               0.005743,               0.005743,               0.005743
                     88,                 1.6065,                 1.1316,                 1.7734,                0.77185,                0.72355,                 0.7914,                0.42403,                 1.6263,                0.98527,                 1.7462,              0.0056935,              0.0056935,              0.0056935
                     89,                 1.5917,                 1.1131,                 1.7677,                0.75688,                0.74133,                 0.7881,                0.41482,                 1.6421,                0.99884,                 1.7565,               0.005644,               0.005644,               0.005644
                     90,                 1.5889,                 1.1066,                  1.751,                0.76684,                0.74422,                0.78942,                0.42204,                 1.6275,                0.97834,                 1.7496,              0.0055945,              0.0055945,              0.0055945
                     91,                 1.5909,                 1.1111,                 1.7515,                0.75896,                0.72977,                0.78871,                0.41927,                 1.6254,                0.98298,                 1.7514,               0.005545,               0.005545,               0.005545
                     92,                 1.5939,                 1.1293,                 1.7557,                0.77246,                0.74078,                 0.7894,                0.41732,                 1.6231,                 1.0077,                 1.7484,              0.0054955,              0.0054955,              0.0054955
                     93,                 1.5961,                  1.136,                 1.7592,                0.74435,                0.75867,                0.79676,                0.42628,                 1.5986,                0.98132,                 1.7311,               0.005446,               0.005446,               0.005446
                     94,                 1.5965,                 1.1087,                 1.7602,                 0.7856,                0.71484,                0.79075,                0.42809,                 1.6099,                0.99823,                 1.7346,              0.0053965,              0.0053965,              0.0053965
                     95,                 1.5821,                 1.1031,                 1.7601,                0.74761,                0.74482,                0.78534,                0.41213,                 1.6292,                 1.0197,                 1.7487,               0.005347,               0.005347,               0.005347
                     96,                 1.5788,                 1.0973,                 1.7443,                0.73844,                0.74659,                0.78407,                0.41361,                 1.6471,                0.99144,                 1.7609,              0.0052975,              0.0052975,              0.0052975
                     97,                 1.5993,                 1.1164,                 1.7625,                0.76005,                0.75986,                0.79483,                0.42367,                 1.6276,                0.97748,                  1.751,               0.005248,               0.005248,               0.005248
                     98,                  1.569,                 1.0795,                 1.7382,                0.78636,                0.74566,                0.79405,                0.42157,                 1.6221,                0.97407,                 1.7288,              0.0051985,              0.0051985,              0.0051985
                     99,                 1.5809,                 1.0837,                 1.7468,                  0.738,                0.75712,                 0.7803,                0.41556,                  1.629,                 1.0091,                 1.7471,               0.005149,               0.005149,               0.005149
                    100,                 1.5834,                 1.1028,                 1.7588,                0.77508,                0.72832,                0.79259,                0.41893,                 1.6688,                 1.0008,                 1.7783,              0.0050995,              0.0050995,              0.0050995
                    101,                 1.5756,                 1.1007,                 1.7429,                0.78766,                0.72903,                0.79362,                0.42645,                 1.6299,                0.96017,                 1.7417,                0.00505,                0.00505,                0.00505
                    102,                 1.5806,                 1.0846,                 1.7543,                0.75857,                 0.7401,                0.78632,                0.41235,                 1.6407,                 1.0106,                 1.7552,              0.0050005,              0.0050005,              0.0050005
                    103,                 1.5901,                 1.0872,                  1.748,                0.75677,                0.74855,                0.78584,                0.41565,                 1.6541,                0.95949,                  1.745,               0.004951,               0.004951,               0.004951
                    104,                 1.5649,                 1.0671,                  1.725,                0.79297,                0.71401,                0.78846,                0.41953,                 1.6419,                0.97921,                 1.7501,              0.0049015,              0.0049015,              0.0049015
                    105,                  1.576,                 1.0938,                  1.739,                0.76563,                0.73121,                 0.7894,                0.42254,                 1.6334,                0.96934,                 1.7401,               0.004852,               0.004852,               0.004852
                    106,                 1.5593,                 1.0749,                 1.7301,                0.77429,                0.74854,                0.79503,                0.42537,                 1.6216,                0.95194,                 1.7375,              0.0048025,              0.0048025,              0.0048025
                    107,                 1.5622,                 1.0855,                 1.7254,                 0.7753,                0.73555,                0.78789,                0.42459,                 1.6263,                0.95252,                  1.731,               0.004753,               0.004753,               0.004753
                    108,                 1.5692,                 1.0771,                 1.7359,                 0.7719,                0.73699,                0.79326,                0.42328,                 1.6149,                0.96438,                 1.7393,              0.0047035,              0.0047035,              0.0047035
                    109,                 1.5639,                  1.071,                 1.7391,                0.80065,                0.72547,                0.79506,                0.43064,                 1.6005,                0.96681,                 1.7245,               0.004654,               0.004654,               0.004654
                    110,                 1.5756,                 1.0792,                 1.7405,                0.76912,                0.73699,                0.78382,                0.42323,                 1.6089,                0.96969,                 1.7239,              0.0046045,              0.0046045,              0.0046045
                    111,                 1.5541,                 1.0738,                 1.7158,                0.77496,                0.74711,                0.79017,                0.42142,                 1.6083,                 0.9777,                 1.7176,               0.004555,               0.004555,               0.004555
                    112,                 1.5588,                 1.0681,                  1.717,                0.77802,                0.71965,                0.79199,                0.41987,                 1.6527,                0.95882,                  1.732,              0.0045055,              0.0045055,              0.0045055
                    113,                 1.5598,                 1.0707,                 1.7203,                0.77348,                0.72534,                0.79433,                0.42166,                 1.6291,                0.96068,                  1.718,               0.004456,               0.004456,               0.004456
                    114,                 1.5561,                 1.0679,                 1.7175,                  0.767,                0.74133,                0.79689,                0.41854,                 1.6329,                0.97031,                 1.7259,              0.0044065,              0.0044065,              0.0044065
                    115,                 1.5663,                 1.0795,                 1.7287,                0.78075,                0.74101,                0.79461,                0.42274,                 1.6382,                0.95671,                 1.7277,               0.004357,               0.004357,               0.004357
                    116,                 1.5545,                 1.0726,                 1.7181,                0.76671,                0.74089,                0.79051,                0.42023,                 1.6393,                0.96017,                 1.7364,              0.0043075,              0.0043075,              0.0043075
                    117,                   1.55,                 1.0431,                 1.7227,                0.80217,                0.71532,                  0.795,                0.42615,                 1.6141,                0.96317,                 1.7332,               0.004258,               0.004258,               0.004258
                    118,                 1.5337,                 1.0678,                 1.7071,                 0.7747,                0.74038,                0.79346,                0.42203,                  1.632,                0.93495,                 1.7369,              0.0042085,              0.0042085,              0.0042085
                    119,                 1.5463,                 1.0679,                   1.72,                0.79163,                0.73121,                0.79757,                 0.4294,                 1.6168,                0.93508,                 1.7129,               0.004159,               0.004159,               0.004159
                    120,                 1.5466,                 1.0542,                 1.7052,                0.78201,                0.74649,                0.80216,                0.43592,                 1.6125,                0.94412,                 1.7092,              0.0041095,              0.0041095,              0.0041095
                    121,                 1.5448,                 1.0445,                 1.7061,                0.77062,                0.72977,                0.79361,                0.42137,                 1.6385,                  0.959,                 1.7266,                0.00406,                0.00406,                0.00406
                    122,                 1.5443,                 1.0609,                 1.7147,                 0.7826,                0.73351,                0.79681,                0.41886,                 1.6455,                0.95382,                  1.739,              0.0040105,              0.0040105,              0.0040105
                    123,                 1.5369,                 1.0492,                 1.6972,                 0.8014,                0.71726,                0.79556,                0.42944,                 1.5978,                0.93835,                 1.6993,               0.003961,               0.003961,               0.003961
                    124,                 1.5456,                 1.0465,                 1.7067,                0.73997,                  0.769,                0.79627,                0.42084,                 1.6307,                0.93804,                 1.7228,              0.0039115,              0.0039115,              0.0039115
                    125,                 1.5221,                 1.0537,                 1.6971,                0.78344,                0.72977,                0.79441,                0.42499,                 1.6444,                0.93304,                 1.7324,               0.003862,               0.003862,               0.003862
                    126,                  1.542,                 1.0623,                 1.7058,                0.78107,                0.74855,                0.79371,                0.42624,                 1.6193,                0.93107,                 1.7287,              0.0038125,              0.0038125,              0.0038125
                    127,                 1.5366,                 1.0545,                 1.7097,                0.74646,                0.77007,                0.79749,                0.42625,                 1.6283,                0.93609,                 1.7294,               0.003763,               0.003763,               0.003763
                    128,                 1.5381,                  1.048,                 1.7062,                0.77976,                0.73266,                0.79965,                0.42839,                 1.6121,                0.95404,                 1.7045,              0.0037135,              0.0037135,              0.0037135
                    129,                 1.5363,                 1.0457,                 1.6995,                0.75139,                0.75561,                0.79574,                 0.4199,                 1.6445,                0.93755,                 1.7293,               0.003664,               0.003664,               0.003664
                    130,                 1.5372,                 1.0511,                 1.7034,                 0.7947,                0.74133,                0.80089,                0.42329,                 1.6038,                0.96292,                 1.7167,              0.0036145,              0.0036145,              0.0036145
                    131,                  1.517,                 1.0401,                 1.6918,                0.78137,                0.73988,                0.79534,                0.42491,                 1.6034,                0.95888,                 1.7062,               0.003565,               0.003565,               0.003565
                    132,                  1.521,                 1.0497,                  1.693,                0.75305,                0.75794,                0.79328,                0.42414,                 1.6025,                0.94516,                 1.7093,              0.0035155,              0.0035155,              0.0035155
                    133,                 1.5191,                 1.0332,                 1.6893,                0.74221,                0.76972,                0.79536,                0.42381,                 1.6188,                0.93837,                 1.7274,               0.003466,               0.003466,               0.003466
                    134,                  1.522,                 1.0389,                 1.6946,                0.74573,                0.76288,                 0.7947,                0.42531,                 1.6171,                0.93796,                 1.7124,              0.0034165,              0.0034165,              0.0034165
                    135,                 1.5079,                 1.0193,                 1.6778,                0.76281,                0.73844,                0.78999,                0.42257,                 1.6298,                0.94324,                 1.7233,               0.003367,               0.003367,               0.003367
                    136,                 1.5078,                  1.026,                 1.6839,                0.75185,                0.77168,                0.79423,                0.42061,                  1.634,                0.94207,                 1.7276,              0.0033175,              0.0033175,              0.0033175
                    137,                 1.5067,                 1.0308,                  1.682,                0.78406,                0.75289,                0.80001,                0.42816,                 1.6173,                0.92223,                 1.7126,               0.003268,               0.003268,               0.003268
                    138,                 1.5128,                 1.0361,                  1.678,                0.77573,                0.75977,                0.80008,                0.42404,                 1.6151,                0.93992,                 1.7153,              0.0032185,              0.0032185,              0.0032185
                    139,                 1.5161,                 1.0242,                 1.6826,                0.78792,                0.73555,                0.80164,                0.42507,                 1.6221,                0.93108,                 1.7227,               0.003169,               0.003169,               0.003169
                    140,                 1.5056,                 1.0295,                 1.6747,                0.77464,                0.74277,                0.79905,                0.42117,                 1.6209,                0.91839,                 1.7155,              0.0031195,              0.0031195,              0.0031195
                    141,                  1.521,                 1.0307,                 1.6779,                0.75055,                0.77393,                0.80311,                0.42517,                  1.613,                0.91076,                 1.7048,                0.00307,                0.00307,                0.00307
                    142,                 1.4963,                 1.0126,                 1.6618,                0.75551,                0.76809,                0.79573,                 0.4264,                 1.6237,                0.92935,                 1.7242,              0.0030205,              0.0030205,              0.0030205
                    143,                 1.5034,                  1.022,                 1.6821,                0.76482,                0.75434,                0.79947,                0.43087,                 1.6097,                 0.9278,                 1.7153,               0.002971,               0.002971,               0.002971
                    144,                 1.5115,                 1.0179,                 1.6774,                0.75646,                0.76156,                0.79385,                0.42546,                 1.6189,                 0.9228,                 1.7243,              0.0029215,              0.0029215,              0.0029215
                    145,                 1.5069,                 1.0223,                 1.6742,                0.76824,                0.76301,                0.79549,                0.43011,                  1.601,                0.93003,                 1.7115,               0.002872,               0.002872,               0.002872
                    146,                 1.4871,                  1.001,                 1.6646,                0.77505,                0.75183,                0.79681,                0.42521,                  1.614,                0.93564,                 1.7259,              0.0028225,              0.0028225,              0.0028225
                    147,                 1.4948,                 1.0145,                 1.6716,                0.79096,                0.74422,                0.79364,                0.42231,                 1.6382,                0.93296,                 1.7408,               0.002773,               0.002773,               0.002773
                    148,                 1.4945,                0.99856,                 1.6622,                0.76342,                0.75289,                0.79157,                0.42577,                 1.6179,                0.93346,                 1.7261,              0.0027235,              0.0027235,              0.0027235
                    149,                 1.4869,                0.99776,                 1.6693,                0.76189,                0.75723,                0.79781,                0.42766,                 1.6264,                0.91465,                 1.7274,               0.002674,               0.002674,               0.002674
                    150,                 1.4908,                0.97564,                 1.6646,                0.77912,                0.75439,                0.79825,                 0.4244,                 1.6303,                0.90927,                 1.7291,              0.0026245,              0.0026245,              0.0026245
                    151,                 1.4897,                 1.0035,                 1.6625,                0.77816,                0.73988,                0.79928,                0.42317,                 1.6377,                0.92197,                 1.7306,               0.002575,               0.002575,               0.002575
                    152,                 1.5012,                 1.0029,                  1.671,                 0.7586,                0.76445,                0.80317,                 0.4264,                 1.6304,                0.92702,                 1.7242,              0.0025255,              0.0025255,              0.0025255
                    153,                 1.4768,                0.98779,                  1.654,                0.73106,                0.79769,                0.80105,                0.42844,                 1.6262,                0.92724,                 1.7251,               0.002476,               0.002476,               0.002476
                    154,                 1.4802,                0.99083,                 1.6522,                0.75806,                0.75289,                0.79456,                0.42328,                 1.6365,                0.93494,                 1.7256,              0.0024265,              0.0024265,              0.0024265
                    155,                 1.4793,                0.99839,                 1.6479,                0.75796,                0.76025,                0.79852,                0.42297,                 1.6335,                 0.9237,                 1.7244,               0.002377,               0.002377,               0.002377
                    156,                 1.4777,                0.99568,                  1.657,                0.76549,                0.76734,                0.80124,                0.42301,                 1.6288,                0.91841,                 1.7294,              0.0023275,              0.0023275,              0.0023275
                    157,                  1.469,                0.98136,                 1.6478,                0.77774,                0.77023,                0.80411,                0.42694,                   1.62,                0.91595,                 1.7202,               0.002278,               0.002278,               0.002278
                    158,                 1.4674,                0.98673,                 1.6447,                 0.7585,                0.77457,                0.80585,                0.41761,                 1.6505,                0.92423,                 1.7356,              0.0022285,              0.0022285,              0.0022285
                    159,                 1.4935,                 1.0055,                 1.6567,                0.78023,                   0.75,                0.80185,                0.42707,                 1.6238,                0.91572,                 1.7113,               0.002179,               0.002179,               0.002179
                    160,                 1.4604,                0.97473,                 1.6346,                0.75714,                0.75434,                0.79394,                0.41953,                 1.6334,                0.91481,                  1.719,              0.0021295,              0.0021295,              0.0021295
                    161,                 1.4785,                0.99085,                 1.6564,                0.76989,                0.75425,                0.80006,                0.42467,                  1.628,                0.91846,                 1.7226,                0.00208,                0.00208,                0.00208
                    162,                 1.4779,                 0.9858,                 1.6478,                0.79248,                0.73988,                0.79729,                0.42331,                 1.6244,                0.91706,                 1.7195,              0.0020305,              0.0020305,              0.0020305
                    163,                  1.451,                0.98078,                 1.6361,                0.78477,                0.75434,                0.79402,                0.42648,                 1.6096,                0.90816,                 1.7195,               0.001981,               0.001981,               0.001981
                    164,                 1.4752,                0.97846,                 1.6445,                0.76746,                0.76879,                0.79212,                 0.4209,                 1.6316,                0.90883,                 1.7216,              0.0019315,              0.0019315,              0.0019315
                    165,                 1.4369,                0.96128,                 1.6215,                0.76374,                0.77312,                0.79323,                0.42385,                  1.629,                0.90911,                 1.7326,               0.001882,               0.001882,               0.001882
                    166,                 1.4559,                0.97907,                 1.6279,                0.78059,                0.73518,                0.79769,                0.42427,                 1.6274,                0.92665,                 1.7263,              0.0018325,              0.0018325,              0.0018325
                    167,                 1.4548,                0.98394,                 1.6359,                0.77677,                0.75429,                0.79074,                0.41914,                 1.6282,                0.93074,                 1.7254,               0.001783,               0.001783,               0.001783
                    168,                 1.4571,                0.97202,                 1.6364,                0.76992,                0.75867,                0.79832,                0.42227,                 1.6397,                0.91341,                 1.7386,              0.0017335,              0.0017335,              0.0017335
                    169,                 1.4378,                0.96208,                 1.6146,                0.74528,                0.76301,                0.79226,                0.41902,                 1.6405,                0.90749,                 1.7343,               0.001684,               0.001684,               0.001684
                    170,                 1.4465,                0.95757,                 1.6145,                0.74898,                0.76319,                0.79376,                0.41791,                  1.636,                0.91452,                 1.7313,              0.0016345,              0.0016345,              0.0016345
                    171,                 1.4523,                0.95714,                 1.6224,                0.76093,                0.74974,                0.78696,                0.41619,                 1.6484,                 0.9004,                 1.7332,               0.001585,               0.001585,               0.001585
                    172,                 1.4538,                0.96927,                 1.6287,                0.75302,                0.76879,                0.79073,                0.41739,                  1.639,                0.91866,                 1.7299,              0.0015355,              0.0015355,              0.0015355
                    173,                 1.4333,                0.94621,                 1.6143,                0.76681,                   0.75,                 0.7854,                0.41365,                 1.6499,                0.91855,                 1.7388,               0.001486,               0.001486,               0.001486
                    174,                 1.4243,                0.95339,                 1.6041,                0.75548,                0.76301,                0.79136,                0.41743,                 1.6503,                0.92361,                 1.7428,              0.0014365,              0.0014365,              0.0014365
                    175,                  1.439,                0.94367,                 1.6194,                0.76416,                   0.75,                0.78851,                0.41548,                 1.6608,                0.91284,                 1.7493,               0.001387,               0.001387,               0.001387
                    176,                 1.4344,                0.94865,                 1.6123,                0.75161,                0.76301,                0.78684,                0.41469,                 1.6485,                0.91653,                 1.7482,              0.0013375,              0.0013375,              0.0013375
                    177,                 1.4436,                0.95623,                  1.612,                0.77112,                0.74711,                0.78927,                0.41416,                 1.6524,                0.91957,                 1.7393,               0.001288,               0.001288,               0.001288
                    178,                 1.4116,                0.93605,                 1.5976,                0.75664,                0.76829,                0.79222,                0.42181,                 1.6416,                0.90291,                 1.7342,              0.0012385,              0.0012385,              0.0012385
                    179,                 1.4324,                0.94816,                 1.6065,                0.75588,                   0.75,                0.78732,                0.41557,                 1.6474,                0.91512,                 1.7391,               0.001189,               0.001189,               0.001189
                    180,                 1.4307,                0.96292,                 1.6139,                0.75357,                0.75578,                0.79003,                0.41593,                 1.6499,                0.91226,                 1.7452,              0.0011395,              0.0011395,              0.0011395
                    181,                 1.4204,                0.93706,                 1.6029,                0.74929,                0.76014,                0.79101,                0.41472,                 1.6484,                0.91126,                 1.7467,                0.00109,                0.00109,                0.00109
                    182,                 1.4225,                0.94768,                 1.6076,                0.76813,                 0.7659,                0.79395,                0.41166,                 1.6449,                0.91183,                 1.7412,              0.0010405,              0.0010405,              0.0010405
                    183,                 1.3981,                0.92351,                 1.5872,                0.76496,                0.76012,                0.79189,                0.41592,                 1.6444,                0.90721,                 1.7426,               0.000991,               0.000991,               0.000991
                    184,                 1.4059,                0.94058,                  1.599,                0.77908,                0.74405,                0.79558,                0.41087,                 1.6566,                0.91849,                 1.7514,              0.0009415,              0.0009415,              0.0009415
                    185,                 1.4148,                0.94794,                 1.5998,                 0.7658,                0.75578,                0.79414,                0.41377,                 1.6536,                0.91169,                 1.7501,               0.000892,               0.000892,               0.000892
                    186,                 1.4008,                0.91355,                 1.5917,                0.75929,                0.74756,                0.79124,                0.41661,                 1.6542,                0.90758,                 1.7517,              0.0008425,              0.0008425,              0.0008425
                    187,                 1.4055,                0.93297,                 1.5996,                0.73366,                0.77224,                0.79335,                 0.4171,                 1.6516,                0.91189,                 1.7536,               0.000793,               0.000793,               0.000793
                    188,                 1.4075,                 0.9214,                 1.5949,                0.77457,                0.74711,                0.79404,                0.41472,                  1.646,                0.91243,                  1.748,              0.0007435,              0.0007435,              0.0007435
                    189,                 1.3968,                0.91737,                 1.5832,                0.77735,                0.74671,                0.79071,                 0.4105,                 1.6548,                0.90907,                 1.7554,               0.000694,               0.000694,               0.000694
                    190,                 1.3999,                0.92353,                 1.5889,                0.74788,                0.75578,                0.79213,                0.41165,                 1.6438,                0.90979,                 1.7449,              0.0006445,              0.0006445,              0.0006445
                    191,                 1.3474,                0.82918,                  1.545,                0.76104,                0.76301,                0.79502,                0.41582,                 1.6495,                0.90192,                  1.748,               0.000595,               0.000595,               0.000595
                    192,                 1.3467,                0.83542,                 1.5473,                0.74484,                0.77457,                0.79349,                0.41441,                 1.6548,                0.89756,                 1.7573,              0.0005455,              0.0005455,              0.0005455
                    193,                 1.3453,                0.83138,                 1.5479,                0.75338,                0.76813,                0.79308,                0.41643,                 1.6522,                0.89761,                 1.7551,               0.000496,               0.000496,               0.000496
                    194,                 1.3326,                0.83398,                 1.5383,                0.74334,                0.77023,                0.79118,                 0.4158,                  1.654,                0.90404,                 1.7603,              0.0004465,              0.0004465,              0.0004465
                    195,                   1.33,                0.82429,                   1.53,                0.73179,                0.78035,                0.79039,                0.41589,                 1.6513,                  0.894,                 1.7594,               0.000397,               0.000397,               0.000397
                    196,                  1.329,                0.81354,                 1.5377,                0.73918,                0.76994,                0.78836,                0.41549,                 1.6498,                0.90031,                 1.7611,              0.0003475,              0.0003475,              0.0003475
                    197,                 1.3312,                0.82216,                 1.5354,                0.76388,                0.76012,                0.78863,                0.41754,                  1.653,                0.89676,                 1.7632,               0.000298,               0.000298,               0.000298
                    198,                 1.3216,                0.81315,                 1.5279,                0.76281,                0.76301,                0.78894,                0.41581,                 1.6521,                0.89865,                 1.7659,              0.0002485,              0.0002485,              0.0002485
                    199,                 1.3243,                0.82595,                 1.5323,                0.75934,                0.76445,                0.78818,                0.41599,                 1.6509,                0.90056,                 1.7666,               0.000199,               0.000199,               0.000199
                    200,                 1.3188,                0.81333,                 1.5306,                0.76788,                0.75532,                0.78847,                0.41495,                 1.6573,                0.90166,                 1.7728,              0.0001495,              0.0001495,              0.0001495
